<?xml version="1.0" encoding="UTF-8"?>
<beans xmlns="http://www.springframework.org/schema/beans"
    xmlns:xsi="http://www.w3.org/2001/XMLSchema-instance" xmlns:p="http://www.springframework.org/schema/p"
    xmlns:context="http://www.springframework.org/schema/context"
    xsi:schemaLocation="http://www.springframework.org/schema/beans
http://www.springframework.org/schema/beans/spring-beans-3.0.xsd
http://www.springframework.org/schema/context 
http://www.springframework.org/schema/context/spring-context-3.0.xsd">

	<bean id="bbBean" class="com.beans.BB">
	</bean>
	
	<!-- 
	<bean id="aaBean1" class="com.beans.AA">
		<constructor-arg ref="bbBean"/>
	</bean>
	
	<bean id="aaBean2" class="com.beans.AA">
		<constructor-arg value="hahaha"/>
		<constructor-arg value="네이버"/>
	</bean>
	
	<bean id="aaBean3" class="com.beans.AA" p:bb-ref="bbBean"/>
	
	<bean id="aaBean4" class="com.beans.AA">
		<property name="bb">
			<bean class="com.beans.BB"/>
		</property>
	</bean>
	 -->
	
	<bean id="aaBean5" class="com.beans.AA">
		<property name="list">
			<list>
				<bean class="com.beans.BB"/>
				<ref bean="bbBean"/>
				<ref bean="bbBean"/>
				<ref bean="bbBean"/>
				<ref bean="bbBean"/>
			</list>
		</property>
	</bean>
	
	<bean id="aaBean6" class="com.beans.AA">
	    <property name="maps">
	        <map>
	            <entry key="name" value="lsh" />
				<entry key="age" value="40" />
	        </map>
	    </property>
	</bean>
</beans>